MovieAwardID,MovieID,AwardID,Recipient_ActorID,Recipient_StaffID,YearWon,DidWin
1,1358,85,,699.0,1954,Y
2,965,85,,113.0,1954,N
3,1204,85,,2.0,1954,N
4,1267,85,,642.0,1954,N
5,506,85,,220.0,1954,N
6,1366,62,1459.0,,2007,N
7,156,62,3550.0,,2007,N
8,1499,62,4198.0,,2007,N
9,237,62,2323.0,,2007,Y
10,82,62,1637.0,,2007,N
11,984,60,,,2008,N
12,345,60,,,2008,N
13,8,60,,,2008,N
14,598,60,,,2008,Y
15,193,60,,,2008,N
16,717,121,,1774.0,2025,N
17,665,121,,1800.0,2025,N
18,644,121,,691.0,2025,Y
19,1248,121,,494.0,2025,N
20,1184,121,,490.0,2025,N
21,491,199,3566.0,,2005,Y
22,42,199,4702.0,,2005,N
23,683,199,4471.0,,2005,N
24,647,199,1961.0,,2005,N
25,370,199,1049.0,,2005,N
26,1491,109,,1908.0,1994,Y
27,368,109,,893.0,1994,N
28,1423,109,,344.0,1994,N
29,1075,109,,1773.0,1994,N
30,227,109,,1059.0,1994,N
31,1315,178,,,1989,N
32,84,178,,,1989,N
33,1224,178,,,1989,N
34,15,178,,,1989,Y
35,1483,178,,,1989,N
36,42,16,,1917.0,2006,N
37,561,16,,1138.0,2006,N
38,1205,16,,462.0,2006,N
39,293,16,,921.0,2006,N
40,167,16,,1167.0,2006,Y
41,1429,191,,1198.0,1961,N
42,1204,191,,29.0,1961,Y
43,1247,191,,931.0,1961,N
44,381,191,,496.0,1961,N
45,1435,191,,1014.0,1961,N
46,1038,179,,1151.0,1979,N
47,1370,179,,1128.0,1979,N
48,193,179,,749.0,1979,N
49,1223,179,,1939.0,1979,Y
50,468,179,,1504.0,1979,N
51,497,88,3569.0,,1983,Y
52,1251,88,947.0,,1983,N
53,471,88,1187.0,,1983,N
54,929,88,1835.0,,1983,N
55,846,88,1565.0,,1983,N
56,1351,121,,1606.0,1986,Y
57,1104,121,,1128.0,1986,N
58,827,121,,204.0,1986,N
59,23,121,,1077.0,1986,N
60,920,121,,974.0,1986,N
61,158,13,2689.0,,2007,N
62,313,13,1691.0,,2007,N
63,545,13,757.0,,2007,N
64,476,13,2671.0,,2007,Y
65,1199,13,3752.0,,2007,N
66,130,52,,1223.0,2009,N
67,3,52,,592.0,2009,N
68,604,52,,583.0,2009,N
69,75,52,,1179.0,2009,N
70,517,52,,1614.0,2009,Y
71,417,26,,1781.0,2020,N
72,588,26,,982.0,2020,Y
73,528,26,,799.0,2020,N
74,492,26,,895.0,2020,N
75,958,26,,471.0,2020,N
76,90,33,,864.0,1991,Y
77,41,33,,839.0,1991,N
78,1382,33,,531.0,1991,N
79,1300,33,,1314.0,1991,N
80,8,33,,974.0,1991,N
81,956,144,307.0,,1980,N
82,848,144,532.0,,1980,N
83,1497,144,4218.0,,1980,N
84,457,144,2697.0,,1980,Y
85,1334,144,4688.0,,1980,N
86,230,196,2671.0,,1984,N
87,130,196,1802.0,,1984,N
88,975,196,2651.0,,1984,N
89,1353,196,177.0,,1984,N
90,122,196,4545.0,,1984,Y
91,1474,175,,,1964,Y
92,1105,175,,,1964,N
93,419,175,,,1964,N
94,1147,175,,,1964,N
95,991,175,,,1964,N
96,302,187,,93.0,2007,N
97,1292,187,,1484.0,2007,N
98,753,187,,1601.0,2007,N
99,627,187,,321.0,2007,Y
100,1389,187,,1034.0,2007,N
101,165,152,,308.0,2017,N
102,1331,152,,1361.0,2017,N
103,1330,152,,1695.0,2017,N
104,1285,152,,783.0,2017,N
105,1340,152,,121.0,2017,Y
106,965,127,,254.0,1959,N
107,1435,127,,283.0,1959,Y
108,80,127,,1084.0,1959,N
109,1127,127,,118.0,1959,N
110,1390,127,,423.0,1959,N
111,1283,152,,404.0,2001,N
112,1026,152,,25.0,2001,N
113,1147,152,,1867.0,2001,Y
114,289,152,,509.0,2001,N
115,786,152,,696.0,2001,N
116,97,22,,,1999,N
117,72,22,,,1999,N
118,839,22,,,1999,N
119,502,22,,,1999,Y
120,1267,22,,,1999,N
121,974,162,4695.0,,1963,N
122,1371,162,1333.0,,1963,N
123,847,162,4652.0,,1963,N
124,1127,162,1518.0,,1963,Y
125,991,162,4535.0,,1963,N
126,793,10,,1524.0,1963,N
127,114,10,,1145.0,1963,N
128,578,10,,858.0,1963,N
129,79,10,,1264.0,1963,N
130,1204,10,,1489.0,1963,Y
131,532,162,4266.0,,1992,Y
132,298,162,3985.0,,1992,N
133,1445,162,3888.0,,1992,N
134,525,162,340.0,,1992,N
135,160,162,4822.0,,1992,N
136,1070,68,,606.0,1970,N
137,719,68,,1502.0,1970,Y
138,1438,68,,426.0,1970,N
139,1334,68,,426.0,1970,N
140,1471,68,,736.0,1970,N
141,485,104,,649.0,2003,N
142,79,104,,1339.0,2003,N
143,57,104,,685.0,2003,N
144,84,104,,1766.0,2003,N
145,1225,104,,1222.0,2003,Y
146,1212,65,3252.0,,2021,N
147,284,65,3590.0,,2021,N
148,1299,65,4776.0,,2021,N
149,541,65,608.0,,2021,N
150,510,65,4427.0,,2021,Y
151,974,187,,1748.0,1953,N
152,1204,187,,707.0,1953,N
153,965,187,,270.0,1953,N
154,1267,187,,841.0,1953,Y
155,506,187,,1043.0,1953,N
156,1150,30,,701.0,1993,N
157,434,30,,503.0,1993,N
158,988,30,,469.0,1993,N
159,324,30,,1975.0,1993,Y
160,485,30,,1730.0,1993,N
161,33,109,,913.0,2006,Y
162,517,109,,54.0,2006,N
163,717,109,,1002.0,2006,N
164,666,109,,1604.0,2006,N
165,477,109,,1514.0,2006,N
166,847,102,,,1956,N
167,1435,102,,,1956,Y
168,1358,102,,,1956,N
169,974,102,,,1956,N
170,1267,102,,,1956,N
171,826,147,,462.0,1988,N
172,377,147,,81.0,1988,Y
173,653,147,,322.0,1988,N
174,1042,147,,415.0,1988,N
175,921,147,,1875.0,1988,N
176,919,35,,1469.0,2015,N
177,487,35,,1084.0,2015,Y
178,247,35,,1416.0,2015,N
179,245,35,,812.0,2015,N
180,558,35,,1835.0,2015,N
181,983,111,4936.0,,2025,N
182,1028,111,4285.0,,2025,N
183,1181,111,4373.0,,2025,N
184,970,111,2155.0,,2025,N
185,120,111,2805.0,,2025,Y
186,1204,159,,1172.0,1957,N
187,299,159,,1723.0,1957,N
188,847,159,,1557.0,1957,N
189,974,159,,1114.0,1957,N
190,1358,159,,233.0,1957,Y
191,353,150,,1950.0,1989,Y
192,1223,150,,1013.0,1989,N
193,273,150,,171.0,1989,N
194,153,150,,850.0,1989,N
195,289,150,,794.0,1989,N
196,724,79,,1697.0,2001,N
197,555,79,,978.0,2001,N
198,222,79,,383.0,2001,N
199,899,79,,1811.0,2001,N
200,1119,79,,1971.0,2001,Y
201,119,115,,1741.0,2012,Y
202,722,115,,77.0,2012,N
203,938,115,,1445.0,2012,N
204,1026,115,,892.0,2012,N
205,172,115,,1196.0,2012,N
206,1306,41,2072.0,,1968,N
207,1376,41,395.0,,1968,N
208,1358,41,3658.0,,1968,N
209,815,41,3257.0,,1968,N
210,1223,41,4020.0,,1968,Y
211,144,58,,,2014,N
212,328,58,,,2014,N
213,1299,58,,,2014,N
214,204,58,,,2014,N
215,717,58,,,2014,Y
216,685,139,,,2005,N
217,1205,139,,,2005,N
218,228,139,,,2005,N
219,481,139,,,2005,Y
220,421,139,,,2005,N
221,1109,76,,,2014,N
222,1228,76,,,2014,N
223,674,76,,,2014,N
224,239,76,,,2014,Y
225,391,76,,,2014,N
226,1166,167,,,2016,Y
227,1281,167,,,2016,N
228,536,167,,,2016,N
229,232,167,,,2016,N
230,1486,167,,,2016,N
231,190,200,,1580.0,1998,N
232,604,200,,1018.0,1998,N
233,512,200,,1645.0,1998,N
234,1207,200,,129.0,1998,Y
235,1022,200,,519.0,1998,N
236,173,104,,270.0,2010,N
237,1068,104,,545.0,2010,Y
238,17,104,,1007.0,2010,N
239,724,104,,1638.0,2010,N
240,334,104,,845.0,2010,N
241,259,93,,451.0,1997,N
242,503,93,,594.0,1997,N
243,1439,93,,1221.0,1997,Y
244,365,93,,398.0,1997,N
245,1035,93,,921.0,1997,N
246,80,155,,221.0,1993,N
247,516,155,,1873.0,1993,N
248,1261,155,,275.0,1993,N
249,336,155,,1724.0,1993,Y
250,714,155,,1178.0,1993,N
251,1174,132,,1810.0,1973,N
252,974,132,,1312.0,1973,N
253,1071,132,,1785.0,1973,N
254,1217,132,,1026.0,1973,N
255,409,132,,1961.0,1973,Y
256,996,161,,1730.0,2016,N
257,1183,161,,1428.0,2016,N
258,815,161,,1659.0,2016,N
259,299,161,,575.0,2016,N
260,358,161,,1028.0,2016,Y
261,97,123,3077.0,,1980,Y
262,705,123,720.0,,1980,N
263,1042,123,1460.0,,1980,N
264,162,123,418.0,,1980,N
265,497,123,1105.0,,1980,N
266,1083,185,,,1963,N
267,1147,185,,,1963,Y
268,79,185,,,1963,N
269,304,185,,,1963,N
270,736,185,,,1963,N
271,477,148,,1713.0,2011,N
272,300,148,,1452.0,2011,N
273,668,148,,1449.0,2011,N
274,271,148,,1840.0,2011,Y
275,736,148,,199.0,2011,N
276,746,47,,611.0,1984,Y
277,278,47,,1336.0,1984,N
278,1439,47,,1821.0,1984,N
279,1438,47,,230.0,1984,N
280,956,47,,1645.0,1984,N
281,770,137,,575.0,2007,N
282,454,137,,582.0,2007,N
283,1315,137,,1759.0,2007,Y
284,1152,137,,310.0,2007,N
285,109,137,,1819.0,2007,N
286,578,70,,1561.0,1960,N
287,1204,70,,1052.0,1960,N
288,381,70,,609.0,1960,Y
289,520,70,,87.0,1960,N
290,427,70,,1050.0,1960,N
291,847,50,,1666.0,1956,N
292,614,50,,329.0,1956,N
293,1267,50,,1207.0,1956,Y
294,1358,50,,1978.0,1956,N
295,506,50,,417.0,1956,N
296,1247,178,,,1966,N
297,965,178,,,1966,N
298,362,178,,,1966,N
299,909,178,,,1966,Y
300,478,178,,,1966,N
301,847,174,,1259.0,1957,Y
302,1435,174,,157.0,1957,N
303,1267,174,,406.0,1957,N
304,1204,174,,1697.0,1957,N
305,506,174,,1529.0,1957,N
306,991,111,447.0,,1967,N
307,736,111,4219.0,,1967,Y
308,1025,111,2724.0,,1967,N
309,230,111,1582.0,,1967,N
310,1474,111,359.0,,1967,N
311,1149,125,,471.0,1977,N
312,1371,125,,161.0,1977,N
313,1223,125,,114.0,1977,N
314,1171,125,,18.0,1977,N
315,746,125,,1128.0,1977,Y
316,1211,21,,692.0,1998,N
317,1438,21,,525.0,1998,N
318,1147,21,,1740.0,1998,Y
319,376,21,,1479.0,1998,N
320,1316,21,,1845.0,1998,N
321,137,175,,,1965,N
322,79,175,,,1965,N
323,419,175,,,1965,Y
324,1358,175,,,1965,N
325,1474,175,,,1965,N
326,974,53,933.0,,1954,N
327,1358,53,1542.0,,1954,N
328,965,53,408.0,,1954,N
329,1267,53,1532.0,,1954,N
330,1204,53,624.0,,1954,Y
331,512,195,1832.0,,1978,N
332,1474,195,356.0,,1978,Y
333,1225,195,1677.0,,1978,N
334,80,195,3119.0,,1978,N
335,947,195,112.0,,1978,N
336,41,27,,3.0,1994,N
337,158,27,,1912.0,1994,N
338,1464,27,,1936.0,1994,N
339,1064,27,,685.0,1994,Y
340,1318,27,,81.0,1994,N
341,1171,198,2592.0,,1989,N
342,15,198,4426.0,,1989,Y
343,1298,198,3575.0,,1989,N
344,398,198,4041.0,,1989,N
345,978,198,3225.0,,1989,N
346,220,121,,972.0,1990,Y
347,350,121,,1016.0,1990,N
348,1384,121,,994.0,1990,N
349,169,121,,597.0,1990,N
350,941,121,,672.0,1990,N
351,1014,177,,,2007,N
352,1150,177,,,2007,N
353,388,177,,,2007,N
354,70,177,,,2007,Y
355,20,177,,,2007,N
356,847,119,,1581.0,1956,Y
357,974,119,,1744.0,1956,N
358,965,119,,382.0,1956,N
359,614,119,,96.0,1956,N
360,1358,119,,912.0,1956,N
361,793,37,,1979.0,1965,N
362,1147,37,,511.0,1965,Y
363,420,37,,1543.0,1965,N
364,1306,37,,452.0,1965,N
365,114,37,,543.0,1965,N
366,701,28,,982.0,2018,N
367,760,28,,852.0,2018,N
368,1290,28,,1276.0,2018,N
369,284,28,,267.0,2018,N
370,948,28,,1843.0,2018,Y
371,1150,100,,754.0,2000,N
372,1261,100,,1358.0,2000,Y
373,270,100,,1645.0,2000,N
374,556,100,,1840.0,2000,N
375,316,100,,1333.0,2000,N
376,506,195,2762.0,,1957,N
377,1204,195,2043.0,,1957,N
378,1358,195,36.0,,1957,N
379,974,195,470.0,,1957,Y
380,847,195,309.0,,1957,N
381,247,119,,1487.0,2012,Y
382,229,119,,32.0,2012,N
383,216,119,,235.0,2012,N
384,422,119,,73.0,2012,N
385,1249,119,,472.0,2012,N
386,1429,51,,1622.0,1961,N
387,847,51,,1754.0,1961,Y
388,974,51,,562.0,1961,N
389,137,51,,473.0,1961,N
390,1267,51,,1535.0,1961,N
391,941,161,,1095.0,1972,N
392,993,161,,966.0,1972,Y
393,125,161,,59.0,1972,N
394,966,161,,716.0,1972,N
395,746,161,,1006.0,1972,N
396,1358,85,,1552.0,1955,N
397,1204,85,,47.0,1955,N
398,965,85,,1872.0,1955,Y
399,847,85,,558.0,1955,N
400,506,85,,1636.0,1955,N
401,1381,175,,,2021,N
402,188,175,,,2021,N
403,459,175,,,2021,Y
404,1274,175,,,2021,N
405,688,175,,,2021,N
406,304,105,,16.0,1970,N
407,1460,105,,1038.0,1970,Y
408,44,105,,743.0,1970,N
409,1485,105,,246.0,1970,N
410,1306,105,,1070.0,1970,N
411,614,64,,1339.0,1958,N
412,1267,64,,111.0,1958,N
413,847,64,,1140.0,1958,Y
414,1435,64,,1331.0,1958,N
415,1491,64,,771.0,1958,N
416,1358,18,3716.0,,1956,N
417,1267,18,3338.0,,1956,Y
418,847,18,3867.0,,1956,N
419,1435,18,2900.0,,1956,N
420,974,18,2309.0,,1956,N
421,1036,24,,1299.0,1998,N
422,281,24,,971.0,1998,N
423,1113,24,,1205.0,1998,Y
424,1403,24,,1006.0,1998,N
425,728,24,,434.0,1998,N
426,105,145,,1871.0,1993,N
427,109,145,,1050.0,1993,N
428,880,145,,1190.0,1993,N
429,865,145,,1390.0,1993,N
430,903,145,,806.0,1993,Y
431,87,96,,433.0,2009,N
432,1154,96,,1921.0,2009,N
433,239,96,,610.0,2009,N
434,218,96,,391.0,2009,N
435,1286,96,,1922.0,2009,Y
436,903,57,,1297.0,1975,Y
437,1371,57,,989.0,1975,N
438,1425,57,,173.0,1975,N
439,1390,57,,236.0,1975,N
440,1127,57,,1070.0,1975,N
441,328,175,,,2007,N
442,185,175,,,2007,Y
443,824,175,,,2007,N
444,1436,175,,,2007,N
445,544,175,,,2007,N
446,309,167,,,1977,N
447,534,167,,,1977,N
448,193,167,,,1977,N
449,1032,167,,,1977,N
450,909,167,,,1977,Y
451,1147,9,,79.0,1963,N
452,187,9,,1041.0,1963,N
453,1245,9,,1819.0,1963,N
454,736,9,,1394.0,1963,Y
455,1371,9,,1045.0,1963,N
456,1447,141,,1549.0,1997,Y
457,1013,141,,1998.0,1997,N
458,383,141,,572.0,1997,N
459,238,141,,847.0,1997,N
460,847,141,,1724.0,1997,N
461,371,17,,1520.0,2005,N
462,273,17,,977.0,2005,N
463,1371,17,,155.0,2005,N
464,1334,17,,320.0,2005,Y
465,669,17,,301.0,2005,N
466,503,147,,658.0,1993,N
467,1097,147,,65.0,1993,Y
468,71,147,,416.0,1993,N
469,217,147,,1023.0,1993,N
470,4,147,,1924.0,1993,N
471,285,188,,1738.0,2010,N
472,1042,188,,106.0,2010,N
473,256,188,,40.0,2010,N
474,654,188,,577.0,2010,Y
475,1230,188,,547.0,2010,N
476,1498,31,,1936.0,2022,Y
477,1406,31,,523.0,2022,N
478,350,31,,223.0,2022,N
479,260,31,,1889.0,2022,N
480,827,31,,1591.0,2022,N
481,685,17,,658.0,1979,N
482,1052,17,,1856.0,1979,Y
483,1333,17,,495.0,1979,N
484,993,17,,1945.0,1979,N
485,287,17,,1995.0,1979,N
486,524,137,,1553.0,1990,N
487,193,137,,1660.0,1990,Y
488,1390,137,,909.0,1990,N
489,735,137,,1627.0,1990,N
490,889,137,,246.0,1990,N
491,1435,104,,1670.0,1955,N
492,965,104,,1739.0,1955,N
493,1204,104,,1790.0,1955,N
494,1267,104,,940.0,1955,Y
495,847,104,,1576.0,1955,N
496,651,194,,1124.0,2011,N
497,23,194,,716.0,2011,N
498,728,194,,208.0,2011,Y
499,1291,194,,1296.0,2011,N
500,731,194,,1941.0,2011,N
501,299,7,,644.0,1957,N
502,614,7,,184.0,1957,Y
503,1267,7,,1291.0,1957,N
504,1358,7,,470.0,1957,N
505,965,7,,1129.0,1957,N
506,804,106,,1631.0,2002,N
507,124,106,,1831.0,2002,Y
508,64,106,,1952.0,2002,N
509,425,106,,80.0,2002,N
510,1360,106,,1754.0,2002,N
511,506,189,,769.0,1954,N
512,1358,189,,1023.0,1954,N
513,1267,189,,1001.0,1954,N
514,1204,189,,1423.0,1954,Y
515,965,189,,1551.0,1954,N
516,188,136,,1809.0,2015,N
517,1469,136,,66.0,2015,N
518,1360,136,,1768.0,2015,Y
519,856,136,,1562.0,2015,N
520,487,136,,1389.0,2015,N
521,1010,54,,1517.0,2000,Y
522,350,54,,905.0,2000,N
523,906,54,,1590.0,2000,N
524,91,54,,744.0,2000,N
525,971,54,,1293.0,2000,N
526,1358,146,,979.0,1962,Y
527,506,146,,1583.0,1962,N
528,1371,146,,1663.0,1962,N
529,578,146,,1802.0,1962,N
530,420,146,,1324.0,1962,N
531,974,181,,,1998,N
532,831,181,,,1998,Y
533,368,181,,,1998,N
534,389,181,,,1998,N
535,731,181,,,1998,N
536,373,102,,,1973,Y
537,1040,102,,,1973,N
538,1467,102,,,1973,N
539,431,102,,,1973,N
540,966,102,,,1973,N
541,1093,196,3375.0,,1982,N
542,230,196,3871.0,,1982,N
543,847,196,4218.0,,1982,N
544,634,196,4322.0,,1982,Y
545,91,196,4125.0,,1982,N
546,244,127,,1429.0,2014,N
547,1156,127,,631.0,2014,N
548,898,127,,1394.0,2014,N
549,79,127,,1125.0,2014,Y
550,1267,127,,1256.0,2014,N
551,614,180,,,1957,N
552,965,180,,,1957,N
553,1267,180,,,1957,N
554,1435,180,,,1957,Y
555,506,180,,,1957,N
556,491,150,,1905.0,1977,N
557,903,150,,1778.0,1977,N
558,1298,150,,17.0,1977,N
559,419,150,,1795.0,1977,N
560,1093,150,,396.0,1977,Y
561,1241,143,,1216.0,2004,N
562,830,143,,166.0,2004,N
563,588,143,,976.0,2004,Y
564,36,143,,12.0,2004,N
565,53,143,,1215.0,2004,N
566,779,113,,,1969,Y
567,110,113,,,1969,N
568,1371,113,,,1969,N
569,1275,113,,,1969,N
570,388,113,,,1969,N
571,1100,27,,496.0,2021,N
572,1163,27,,1556.0,2021,Y
573,618,27,,1388.0,2021,N
574,183,27,,1960.0,2021,N
575,1399,27,,257.0,2021,N
576,1267,78,,1256.0,1953,N
577,506,78,,1430.0,1953,N
578,1204,78,,305.0,1953,N
579,974,78,,375.0,1953,N
580,965,78,,253.0,1953,Y
581,1183,66,,376.0,1978,N
582,1159,66,,234.0,1978,N
583,1256,66,,562.0,1978,N
584,508,66,,1358.0,1978,N
585,1247,66,,860.0,1978,Y
586,113,161,,1847.0,2000,N
587,1234,161,,1766.0,2000,Y
588,178,161,,268.0,2000,N
589,1204,161,,717.0,2000,N
590,559,161,,447.0,2000,N
591,970,197,,1372.0,1975,N
592,1334,197,,1100.0,1975,N
593,824,197,,858.0,1975,Y
594,815,197,,1635.0,1975,N
595,707,197,,580.0,1975,N
596,1267,114,,1377.0,1956,N
597,1204,114,,526.0,1956,Y
598,965,114,,949.0,1956,N
599,1435,114,,1356.0,1956,N
600,847,114,,1227.0,1956,N
601,506,164,,,1956,Y
602,1267,164,,,1956,N
603,1358,164,,,1956,N
604,974,164,,,1956,N
605,965,164,,,1956,N
606,938,1,2393.0,,2013,N
607,179,1,4344.0,,2013,Y
608,1102,1,990.0,,2013,N
609,984,1,1440.0,,2013,N
610,874,1,3043.0,,2013,N
611,506,196,553.0,,1953,N
612,974,196,942.0,,1953,N
613,965,196,277.0,,1953,N
614,1204,196,371.0,,1953,N
615,1267,196,2100.0,,1953,Y
616,1346,60,,,2025,Y
617,1438,60,,,2025,N
618,1361,60,,,2025,N
619,155,60,,,2025,N
620,1344,60,,,2025,N
621,1133,26,,48.0,2024,N
622,1063,26,,14.0,2024,Y
623,335,26,,391.0,2024,N
624,1474,26,,1788.0,2024,N
625,281,26,,678.0,2024,N
626,170,15,3554.0,,1994,N
627,1375,15,2704.0,,1994,N
628,532,15,2863.0,,1994,N
629,260,15,1532.0,,1994,Y
630,1275,15,4169.0,,1994,N
631,996,164,,,2023,N
632,1374,164,,,2023,N
633,571,164,,,2023,Y
634,478,164,,,2023,N
635,1016,164,,,2023,N
636,440,93,,630.0,1989,N
637,97,93,,958.0,1989,N
638,427,93,,1409.0,1989,N
639,1315,93,,1258.0,1989,N
640,83,93,,155.0,1989,Y
641,1491,99,2147.0,,1986,N
642,252,99,4255.0,,1986,N
643,130,99,1021.0,,1986,N
644,154,99,427.0,,1986,Y
645,209,99,3307.0,,1986,N
646,13,25,,1890.0,2020,N
647,64,25,,840.0,2020,N
648,1000,25,,783.0,2020,Y
649,536,25,,292.0,2020,N
650,1045,25,,1146.0,2020,N
651,905,124,,1205.0,1978,Y
652,409,124,,317.0,1978,N
653,970,124,,659.0,1978,N
654,388,124,,1668.0,1978,N
655,1353,124,,942.0,1978,N
656,292,168,,1351.0,1967,N
657,309,168,,1595.0,1967,N
658,275,168,,1801.0,1967,N
659,491,168,,120.0,1967,N
660,1245,168,,1960.0,1967,Y
661,362,160,,,1961,N
662,966,160,,,1961,N
663,1390,160,,,1961,Y
664,1157,160,,,1961,N
665,578,160,,,1961,N
666,137,98,,1498.0,1989,N
667,161,98,,95.0,1989,N
668,627,98,,1723.0,1989,Y
669,1334,98,,1713.0,1989,N
670,237,98,,1727.0,1989,N
671,849,76,,,2003,N
672,354,76,,,2003,N
673,425,76,,,2003,N
674,218,76,,,2003,N
675,1464,76,,,2003,Y
676,1371,132,,1319.0,2003,Y
677,394,132,,214.0,2003,N
678,1306,132,,810.0,2003,N
679,166,132,,834.0,2003,N
680,138,132,,510.0,2003,N
681,966,105,,220.0,1964,N
682,427,105,,1563.0,1964,N
683,1245,105,,1702.0,1964,N
684,1358,105,,589.0,1964,N
685,1147,105,,1859.0,1964,Y
686,746,3,,1295.0,1980,N
687,736,3,,120.0,1980,Y
688,977,3,,313.0,1980,N
689,1370,3,,1671.0,1980,N
690,362,3,,102.0,1980,N
691,1408,46,,1777.0,2002,Y
692,899,46,,1245.0,2002,N
693,1187,46,,564.0,2002,N
694,1366,46,,1873.0,2002,N
695,1395,46,,1272.0,2002,N
696,551,178,,,2014,N
697,800,178,,,2014,N
698,1477,178,,,2014,N
699,836,178,,,2014,N
700,308,178,,,2014,Y
701,1375,90,,,2001,N
702,1157,90,,,2001,Y
703,727,90,,,2001,N
704,970,90,,,2001,N
705,1040,90,,,2001,N
706,529,160,,,2000,Y
707,121,160,,,2000,N
708,988,160,,,2000,N
709,978,160,,,2000,N
710,307,160,,,2000,N
711,1435,74,,1189.0,1956,N
712,614,74,,1648.0,1956,N
713,965,74,,1888.0,1956,N
714,1267,74,,1410.0,1956,Y
715,1204,74,,1369.0,1956,N
716,1064,122,,,1979,N
717,830,122,,,1979,N
718,299,122,,,1979,Y
719,1174,122,,,1979,N
720,980,122,,,1979,N
721,848,127,,154.0,2015,N
722,125,127,,262.0,2015,Y
723,1159,127,,1874.0,2015,N
724,311,127,,1850.0,2015,N
725,973,127,,358.0,2015,N
726,907,39,,535.0,1992,N
727,497,39,,687.0,1992,N
728,1198,39,,1984.0,1992,N
729,295,39,,60.0,1992,N
730,324,39,,407.0,1992,Y
731,1471,35,,629.0,1963,N
732,1371,35,,563.0,1963,N
733,578,35,,678.0,1963,N
734,974,35,,885.0,1963,Y
735,1147,35,,1043.0,1963,N
736,947,177,,,1979,Y
737,899,177,,,1979,N
738,1075,177,,,1979,N
739,555,177,,,1979,N
740,1147,177,,,1979,N
741,467,125,,710.0,1980,Y
742,1032,125,,1356.0,1980,N
743,926,125,,451.0,1980,N
744,309,125,,1647.0,1980,N
745,610,125,,242.0,1980,N
746,965,33,,410.0,1955,N
747,1358,33,,136.0,1955,Y
748,847,33,,1640.0,1955,N
749,1435,33,,693.0,1955,N
750,506,33,,1007.0,1955,N
751,18,127,,596.0,2004,N
752,1045,127,,1331.0,2004,N
753,1297,127,,1116.0,2004,N
754,746,127,,1415.0,2004,N
755,1022,127,,380.0,2004,Y
756,690,126,4151.0,,1998,Y
757,978,126,4128.0,,1998,N
758,190,126,2913.0,,1998,N
759,660,126,2578.0,,1998,N
760,1441,126,2853.0,,1998,N
761,138,112,2170.0,,2001,N
762,1423,112,521.0,,2001,N
763,4,112,3380.0,,2001,Y
764,1300,112,2521.0,,2001,N
765,1297,112,3894.0,,2001,N
766,1035,131,865.0,,2007,N
767,1031,131,3488.0,,2007,N
768,180,131,1094.0,,2007,N
769,462,131,2155.0,,2007,Y
770,1217,131,3688.0,,2007,N
771,1267,73,,1669.0,1956,N
772,614,73,,1195.0,1956,N
773,1435,73,,369.0,1956,N
774,974,73,,12.0,1956,Y
775,847,73,,837.0,1956,N
776,137,183,,,1969,Y
777,1358,183,,,1969,N
778,1485,183,,,1969,N
779,847,183,,,1969,N
780,647,183,,,1969,N
781,1127,75,,,1967,Y
782,1032,75,,,1967,N
783,1275,75,,,1967,N
784,1025,75,,,1967,N
785,1245,75,,,1967,N
786,1152,194,,1277.0,1983,N
787,440,194,,2.0,1983,N
788,1336,194,,512.0,1983,N
789,34,194,,1959.0,1983,Y
790,292,194,,476.0,1983,N
791,371,111,2883.0,,2008,Y
792,1157,111,4082.0,,2008,N
793,42,111,3035.0,,2008,N
794,215,111,3736.0,,2008,N
795,241,111,4200.0,,2008,N
796,245,1,2040.0,,1996,N
797,336,1,1058.0,,1996,N
798,1382,1,1318.0,,1996,N
799,1300,1,3628.0,,1996,Y
800,752,1,2255.0,,1996,N
801,966,10,,1683.0,1962,N
802,110,10,,1282.0,1962,N
803,304,10,,1160.0,1962,Y
804,811,10,,422.0,1962,N
805,1358,10,,267.0,1962,N
806,1120,120,,541.0,2001,N
807,1293,120,,1175.0,2001,N
808,1219,120,,1525.0,2001,N
809,1399,120,,702.0,2001,Y
810,81,120,,1618.0,2001,N
811,41,5,,707.0,1966,Y
812,1390,5,,1920.0,1966,N
813,1157,5,,656.0,1966,N
814,304,5,,939.0,1966,N
815,1274,5,,1903.0,1966,N
816,1120,123,3114.0,,2012,Y
817,1274,123,1618.0,,2012,N
818,1496,123,3417.0,,2012,N
819,627,123,1120.0,,2012,N
820,651,123,4582.0,,2012,N
821,178,183,,,1987,Y
822,1223,183,,,1987,N
823,827,183,,,1987,N
824,512,183,,,1987,N
825,31,183,,,1987,N
826,965,100,,1510.0,1960,N
827,735,100,,1495.0,1960,N
828,1435,100,,1046.0,1960,N
829,427,100,,1219.0,1960,N
830,520,100,,1662.0,1960,Y
831,574,143,,693.0,1997,N
832,23,143,,1987.0,1997,N
833,872,143,,332.0,1997,Y
834,260,143,,308.0,1997,N
835,1277,143,,1878.0,1997,N
836,1306,34,,522.0,1993,N
837,553,34,,888.0,1993,N
838,1464,34,,780.0,1993,N
839,708,34,,315.0,1993,Y
840,373,34,,850.0,1993,N
841,1157,199,882.0,,1969,N
842,848,199,327.0,,1969,N
843,1485,199,25.0,,1969,Y
844,847,199,1006.0,,1969,N
845,409,199,709.0,,1969,N
846,1083,102,,,1966,N
847,1157,102,,,1966,N
848,966,102,,,1966,N
849,75,102,,,1966,N
850,1041,102,,,1966,Y
851,177,88,1515.0,,2024,N
852,1417,88,1037.0,,2024,N
853,224,88,1595.0,,2024,N
854,167,88,2361.0,,2024,Y
855,1022,88,3374.0,,2024,N
856,1274,192,,287.0,1987,N
857,1127,192,,1934.0,1987,Y
858,176,192,,933.0,1987,N
859,250,192,,13.0,1987,N
860,415,192,,349.0,1987,N
861,675,169,,1587.0,2002,N
862,1050,169,,734.0,2002,N
863,1327,169,,315.0,2002,Y
864,943,169,,757.0,2002,N
865,485,169,,1491.0,2002,N
866,1474,101,876.0,,1960,N
867,974,101,2654.0,,1960,N
868,1491,101,1672.0,,1960,N
869,1435,101,4285.0,,1960,Y
870,991,101,3133.0,,1960,N
871,188,195,2429.0,,2001,N
872,477,195,1247.0,,2001,N
873,899,195,4982.0,,2001,N
874,437,195,4614.0,,2001,Y
875,683,195,624.0,,2001,N
876,1500,58,,,1995,N
877,105,58,,,1995,N
878,1213,58,,,1995,Y
879,1454,58,,,1995,N
880,740,58,,,1995,N
881,1402,155,,668.0,2018,N
882,615,155,,1242.0,2018,Y
883,1470,155,,1876.0,2018,N
884,640,155,,77.0,2018,N
885,541,155,,1567.0,2018,N
886,503,192,,946.0,1989,Y
887,1382,192,,429.0,1989,N
888,668,192,,547.0,1989,N
889,643,192,,1916.0,1989,N
890,1482,192,,1598.0,1989,N
891,1123,159,,1441.0,2017,N
892,1233,159,,900.0,2017,Y
893,205,159,,1730.0,2017,N
894,1250,159,,1182.0,2017,N
895,1198,159,,713.0,2017,N
896,1351,151,1151.0,,1972,Y
897,478,151,1510.0,,1972,N
898,110,151,3123.0,,1972,N
899,381,151,1855.0,,1972,N
900,1497,151,4597.0,,1972,N
901,654,140,,,1984,N
902,350,140,,,1984,N
903,415,140,,,1984,Y
904,647,140,,,1984,N
905,620,140,,,1984,N
906,875,184,,,1998,N
907,1143,184,,,1998,N
908,172,184,,,1998,Y
909,253,184,,,1998,N
910,677,184,,,1998,N
911,112,25,,722.0,1980,Y
912,1159,25,,989.0,1980,N
913,12,25,,1621.0,1980,N
914,162,25,,930.0,1980,N
915,1042,25,,1503.0,1980,N
916,1448,60,,,2013,N
917,1106,60,,,2013,N
918,1327,60,,,2013,Y
919,1212,60,,,2013,N
920,747,60,,,2013,N
921,1064,76,,,2007,N
922,519,76,,,2007,N
923,166,76,,,2007,N
924,1109,76,,,2007,Y
925,532,76,,,2007,N
926,578,158,,216.0,1982,N
927,491,158,,1718.0,1982,N
928,173,158,,269.0,1982,Y
929,1497,158,,1932.0,1982,N
930,956,158,,453.0,1982,N
931,1011,35,,1595.0,2008,N
932,1316,35,,516.0,2008,N
933,149,35,,941.0,2008,Y
934,224,35,,626.0,2008,N
935,40,35,,1495.0,2008,N
936,850,165,,1301.0,2005,Y
937,1447,165,,1899.0,2005,N
938,1138,165,,1879.0,2005,N
939,974,165,,599.0,2005,N
940,161,165,,1272.0,2005,N
941,760,126,3512.0,,1993,N
942,250,126,1979.0,,1993,N
943,1269,126,2943.0,,1993,N
944,846,126,1678.0,,1993,N
945,1321,126,2093.0,,1993,Y
946,100,194,,1415.0,2012,N
947,44,194,,1774.0,2012,Y
948,754,194,,1523.0,2012,N
949,1070,194,,1069.0,2012,N
950,142,194,,1621.0,2012,N
951,816,72,,520.0,2011,N
952,1277,72,,1687.0,2011,Y
953,691,72,,971.0,2011,N
954,1246,72,,1247.0,2011,N
955,1373,72,,915.0,2011,N
956,1022,184,,,2004,N
957,797,184,,,2004,N
958,155,184,,,2004,N
959,1011,184,,,2004,Y
960,1048,184,,,2004,N
961,614,17,,1570.0,1956,N
962,1358,17,,1188.0,1956,N
963,1204,17,,401.0,1956,Y
964,974,17,,1548.0,1956,N
965,506,17,,208.0,1956,N
966,195,116,,347.0,2002,N
967,974,116,,1400.0,2002,Y
968,928,116,,1002.0,2002,N
969,130,116,,1247.0,2002,N
970,714,116,,1441.0,2002,N
971,793,152,,1542.0,1964,N
972,80,152,,257.0,1964,N
973,275,152,,1672.0,1964,N
974,271,152,,568.0,1964,N
975,137,152,,190.0,1964,Y
976,1276,133,,1210.0,2000,Y
977,530,133,,848.0,2000,N
978,477,133,,1711.0,2000,N
979,1304,133,,1388.0,2000,N
980,659,133,,381.0,2000,N
981,683,60,,,1986,N
982,1224,60,,,1986,N
983,717,60,,,1986,N
984,1498,60,,,1986,Y
985,1259,60,,,1986,N
986,299,6,,,1959,N
987,1491,6,,,1959,N
988,1127,6,,,1959,Y
989,419,6,,,1959,N
990,1358,6,,,1959,N
991,420,193,,,1969,Y
992,427,193,,,1969,N
993,209,193,,,1969,N
994,1060,193,,,1969,N
995,1275,193,,,1969,N
996,965,194,,497.0,1958,N
997,114,194,,1873.0,1958,Y
998,299,194,,1804.0,1958,N
999,1127,194,,1364.0,1958,N
1000,974,194,,1688.0,1958,N
1001,178,24,,194.0,1995,N
1002,1151,24,,1881.0,1995,N
1003,1293,24,,400.0,1995,Y
1004,1114,24,,1630.0,1995,N
1005,1269,24,,1189.0,1995,N
1006,1127,16,,630.0,1963,Y
1007,811,16,,1675.0,1963,N
1008,110,16,,357.0,1963,N
1009,114,16,,311.0,1963,N
1010,1247,16,,1561.0,1963,N
1011,467,166,,,2016,N
1012,1273,166,,,2016,N
1013,1356,166,,,2016,Y
1014,616,166,,,2016,N
1015,293,166,,,2016,N
1016,1349,115,,928.0,2005,N
1017,1044,115,,1996.0,2005,N
1018,1235,115,,781.0,2005,Y
1019,584,115,,1430.0,2005,N
1020,188,115,,436.0,2005,N
1021,93,82,,1830.0,1995,N
1022,1041,82,,1906.0,1995,N
1023,274,82,,585.0,1995,N
1024,967,82,,724.0,1995,N
1025,1104,82,,417.0,1995,Y
1026,605,167,,,2015,Y
1027,770,167,,,2015,N
1028,37,167,,,2015,N
1029,3,167,,,2015,N
1030,1347,167,,,2015,N
1031,1127,118,,1304.0,1979,N
1032,125,118,,1847.0,1979,Y
1033,206,118,,1346.0,1979,N
1034,109,118,,1519.0,1979,N
1035,508,118,,1381.0,1979,N
1036,32,46,,1392.0,2003,N
1037,993,46,,1992.0,2003,Y
1038,212,46,,1951.0,2003,N
1039,1491,46,,408.0,2003,N
1040,1048,46,,665.0,2003,N
1041,614,163,,1787.0,1962,Y
1042,420,163,,749.0,1962,N
1043,991,163,,810.0,1962,N
1044,1157,163,,1574.0,1962,N
1045,1491,163,,520.0,1962,N
1046,1287,192,,1989.0,1982,Y
1047,307,192,,704.0,1982,N
1048,75,192,,863.0,1982,N
1049,910,192,,587.0,1982,N
1050,610,192,,228.0,1982,N
1051,534,79,,1946.0,1990,N
1052,304,79,,1446.0,1990,N
1053,1378,79,,319.0,1990,N
1054,529,79,,795.0,1990,N
1055,1023,79,,1233.0,1990,Y
1056,1240,150,,1786.0,1998,Y
1057,396,150,,1053.0,1998,N
1058,252,150,,1026.0,1998,N
1059,105,150,,1490.0,1998,N
1060,200,150,,727.0,1998,N
1061,508,127,,1938.0,1994,N
1062,1373,127,,449.0,1994,N
1063,137,127,,847.0,1994,N
1064,4,127,,1462.0,1994,Y
1065,370,127,,1344.0,1994,N
1066,1096,151,4781.0,,2020,N
1067,893,151,3973.0,,2020,N
1068,433,151,808.0,,2020,N
1069,1323,151,555.0,,2020,N
1070,961,151,3727.0,,2020,Y
1071,1134,65,2351.0,,2014,N
1072,209,65,1885.0,,2014,N
1073,86,65,1857.0,,2014,N
1074,1276,65,2666.0,,2014,N
1075,180,65,3037.0,,2014,Y
1076,476,23,4987.0,,2006,N
1077,1118,23,888.0,,2006,N
1078,639,23,585.0,,2006,N
1079,1348,23,3459.0,,2006,N
1080,167,23,588.0,,2006,Y
1081,811,185,,,1964,N
1082,506,185,,,1964,N
1083,275,185,,,1964,N
1084,909,185,,,1964,Y
1085,1083,185,,,1964,N
1086,353,168,,783.0,1987,N
1087,1468,168,,112.0,1987,N
1088,68,168,,1983.0,1987,N
1089,806,168,,75.0,1987,N
1090,1351,168,,1115.0,1987,Y
1091,1458,66,,1102.0,1989,N
1092,811,66,,716.0,1989,N
1093,1276,66,,1086.0,1989,N
1094,1293,66,,1959.0,1989,Y
1095,362,66,,777.0,1989,N
1096,725,180,,,2022,N
1097,404,180,,,2022,N
1098,546,180,,,2022,N
1099,1220,180,,,2022,N
1100,994,180,,,2022,Y
1101,82,93,,1725.0,2017,N
1102,818,93,,1444.0,2017,N
1103,322,93,,157.0,2017,N
1104,1293,93,,1323.0,2017,N
1105,408,93,,620.0,2017,Y
1106,797,163,,1206.0,1994,N
1107,47,163,,511.0,1994,N
1108,787,163,,1078.0,1994,N
1109,324,163,,231.0,1994,N
1110,437,163,,1153.0,1994,Y
1111,1060,41,4196.0,,1975,N
1112,172,41,1901.0,,1975,Y
1113,1166,41,146.0,,1975,N
1114,68,41,4740.0,,1975,N
1115,1460,41,4348.0,,1975,N
1116,1015,130,890.0,,1969,Y
1117,309,130,3876.0,,1969,N
1118,1198,130,3953.0,,1969,N
1119,1467,130,609.0,,1969,N
1120,1204,130,4891.0,,1969,N
1121,1486,99,1794.0,,2019,N
1122,139,99,1103.0,,2019,N
1123,843,99,3963.0,,2019,Y
1124,487,99,3845.0,,2019,N
1125,523,99,3164.0,,2019,N
1126,974,111,4315.0,,1953,N
1127,506,111,319.0,,1953,N
1128,965,111,590.0,,1953,N
1129,1204,111,3987.0,,1953,Y
1130,1267,111,2938.0,,1953,N
1131,1334,13,2785.0,,1988,Y
1132,578,13,1253.0,,1988,N
1133,1115,13,2007.0,,1988,N
1134,553,13,4599.0,,1988,N
1135,1380,13,773.0,,1988,N
1136,353,84,,118.0,2012,N
1137,1439,84,,622.0,2012,N
1138,409,84,,1175.0,2012,N
1139,1103,84,,1611.0,2012,Y
1140,1262,84,,1689.0,2012,N
1141,1077,110,,,1997,N
1142,740,110,,,1997,N
1143,1349,110,,,1997,Y
1144,1051,110,,,1997,N
1145,193,110,,,1997,N
1146,1267,55,,1384.0,1953,N
1147,974,55,,166.0,1953,N
1148,1204,55,,1502.0,1953,N
1149,965,55,,892.0,1953,N
1150,506,55,,1691.0,1953,Y
1151,948,126,2218.0,,1983,N
1152,130,126,3063.0,,1983,N
1153,1267,126,4360.0,,1983,N
1154,1371,126,3302.0,,1983,Y
1155,471,126,1148.0,,1983,N
1156,497,72,,264.0,1974,N
1157,824,72,,900.0,1974,N
1158,1245,72,,1143.0,1974,N
1159,736,72,,1529.0,1974,N
1160,1334,72,,1698.0,1974,Y
1161,1358,168,,1808.0,1955,N
1162,974,168,,1574.0,1955,N
1163,1435,168,,1024.0,1955,N
1164,847,168,,1824.0,1955,N
1165,1204,168,,1156.0,1955,Y
1166,616,173,,1618.0,1984,Y
1167,1015,173,,1276.0,1984,N
1168,415,173,,1173.0,1984,N
1169,1174,173,,1510.0,1984,N
1170,520,173,,882.0,1984,N
1171,3,76,,,2006,Y
1172,1095,76,,,2006,N
1173,113,76,,,2006,N
1174,1149,76,,,2006,N
1175,64,76,,,2006,N
1176,847,50,,1078.0,1958,N
1177,114,50,,1886.0,1958,N
1178,1390,50,,414.0,1958,N
1179,506,50,,1.0,1958,Y
1180,1267,50,,1480.0,1958,N
1181,1264,65,286.0,,2020,N
1182,338,65,4736.0,,2020,N
1183,992,65,2027.0,,2020,N
1184,777,65,1401.0,,2020,N
1185,1451,65,4206.0,,2020,Y
1186,733,49,,,2012,Y
1187,76,49,,,2012,N
1188,1467,49,,,2012,N
1189,899,49,,,2012,N
1190,171,49,,,2012,N
1191,1303,38,,,1999,N
1192,363,38,,,1999,N
1193,956,38,,,1999,N
1194,1336,38,,,1999,N
1195,1348,38,,,1999,Y
1196,1204,64,,966.0,1956,Y
1197,1435,64,,566.0,1956,N
1198,974,64,,239.0,1956,N
1199,614,64,,14.0,1956,N
1200,1358,64,,216.0,1956,N
1201,948,161,,1031.0,2003,N
1202,1261,161,,852.0,2003,N
1203,299,161,,942.0,2003,N
1204,75,161,,1713.0,2003,Y
1205,153,161,,1128.0,2003,N
1206,965,45,,1686.0,1954,N
1207,1358,45,,1361.0,1954,N
1208,1204,45,,26.0,1954,N
1209,506,45,,58.0,1954,Y
1210,974,45,,1060.0,1954,N
1211,1400,121,,1337.0,2006,N
1212,32,121,,538.0,2006,Y
1213,508,121,,1756.0,2006,N
1214,781,121,,1691.0,2006,N
1215,272,121,,713.0,2006,N
1216,1385,45,,1737.0,2013,N
1217,1381,45,,1779.0,2013,N
1218,95,45,,1769.0,2013,Y
1219,429,45,,460.0,2013,N
1220,762,45,,392.0,2013,N
1221,1435,31,,1163.0,1955,N
1222,1204,31,,229.0,1955,Y
1223,965,31,,1297.0,1955,N
1224,974,31,,946.0,1955,N
1225,847,31,,1692.0,1955,N
1226,801,113,,,2020,N
1227,84,113,,,2020,N
1228,446,113,,,2020,Y
1229,70,113,,,2020,N
1230,423,113,,,2020,N
1231,1148,5,,1768.0,1984,N
1232,683,5,,871.0,1984,N
1233,281,5,,531.0,1984,N
1234,940,5,,181.0,1984,Y
1235,929,5,,1442.0,1984,N
1236,996,48,,,2012,N
1237,1235,48,,,2012,N
1238,815,48,,,2012,N
1239,1041,48,,,2012,N
1240,1412,48,,,2012,Y
1241,965,98,,1433.0,1955,N
1242,1267,98,,1741.0,1955,N
1243,1435,98,,1206.0,1955,N
1244,974,98,,345.0,1955,Y
1245,847,98,,475.0,1955,N
1246,1435,130,2758.0,,1955,N
1247,847,130,3351.0,,1955,Y
1248,974,130,232.0,,1955,N
1249,965,130,4016.0,,1955,N
1250,1267,130,4229.0,,1955,N
1251,1267,16,,1085.0,1973,N
1252,172,16,,1623.0,1973,Y
1253,97,16,,1719.0,1973,N
1254,304,16,,271.0,1973,N
1255,12,16,,1187.0,1973,N
1256,920,191,,1776.0,2019,N
1257,177,191,,55.0,2019,N
1258,1140,191,,973.0,2019,Y
1259,892,191,,42.0,2019,N
1260,1366,191,,1966.0,2019,N
1261,1198,117,,321.0,2006,N
1262,1010,117,,669.0,2006,N
1263,557,117,,740.0,2006,N
1264,1325,117,,731.0,2006,Y
1265,1059,117,,787.0,2006,N
1266,1204,26,,1951.0,1970,N
1267,388,26,,368.0,1970,N
1268,506,26,,841.0,1970,N
1269,292,26,,970.0,1970,Y
1270,1491,26,,1721.0,1970,N
1271,735,121,,1806.0,1969,N
1272,1032,121,,1892.0,1969,N
1273,44,121,,1160.0,1969,N
1274,963,121,,955.0,1969,N
1275,1157,121,,1980.0,1969,Y
1276,1392,155,,1895.0,2007,N
1277,1332,155,,1166.0,2007,N
1278,708,155,,248.0,2007,Y
1279,451,155,,1770.0,2007,N
1280,648,155,,803.0,2007,N
1281,506,171,,1273.0,1966,N
1282,909,171,,1105.0,1966,Y
1283,80,171,,1716.0,1966,N
1284,735,171,,1890.0,1966,N
1285,478,171,,543.0,1966,N
1286,978,116,,757.0,2004,Y
1287,995,116,,1843.0,2004,N
1288,82,116,,1402.0,2004,N
1289,224,116,,379.0,2004,N
1290,616,116,,651.0,2004,N
1291,444,140,,,2019,N
1292,409,140,,,2019,N
1293,650,140,,,2019,N
1294,673,140,,,2019,N
1295,1350,140,,,2019,Y
1296,975,169,,1550.0,1980,N
1297,1240,169,,206.0,1980,N
1298,54,169,,448.0,1980,N
1299,220,169,,521.0,1980,N
1300,1002,169,,1840.0,1980,Y
1301,353,28,,330.0,1979,N
1302,431,28,,697.0,1979,N
1303,1171,28,,706.0,1979,Y
1304,1013,28,,1434.0,1979,N
1305,35,28,,690.0,1979,N
1306,963,6,,,1981,N
1307,928,6,,,1981,Y
1308,299,6,,,1981,N
1309,921,6,,,1981,N
1310,363,6,,,1981,N
1311,1005,169,,1346.0,2003,N
1312,321,169,,535.0,2003,Y
1313,835,169,,1080.0,2003,N
1314,1316,169,,634.0,2003,N
1315,1104,169,,850.0,2003,N
1316,824,170,,336.0,1968,N
1317,309,170,,1240.0,1968,N
1318,1149,170,,1839.0,1968,N
1319,427,170,,1944.0,1968,Y
1320,187,170,,690.0,1968,N
1321,1114,100,,1359.0,2002,N
1322,635,100,,1719.0,2002,N
1323,498,100,,1367.0,2002,Y
1324,1235,100,,1925.0,2002,N
1325,1360,100,,1924.0,2002,N
1326,83,51,,1019.0,1976,N
1327,415,51,,1057.0,1976,N
1328,50,51,,1907.0,1976,N
1329,525,51,,130.0,1976,Y
1330,719,51,,1191.0,1976,N
1331,620,155,,794.0,2004,N
1332,807,155,,1241.0,2004,N
1333,301,155,,1329.0,2004,Y
1334,268,155,,1643.0,2004,N
1335,990,155,,164.0,2004,N
1336,974,118,,261.0,1954,N
1337,965,118,,56.0,1954,N
1338,506,118,,1143.0,1954,N
1339,1204,118,,976.0,1954,Y
1340,1267,118,,54.0,1954,N
1341,512,96,,1083.0,1991,N
1342,622,96,,335.0,1991,N
1343,1258,96,,831.0,1991,N
1344,714,96,,744.0,1991,Y
1345,1127,96,,812.0,1991,N
1346,966,96,,1785.0,1990,N
1347,622,96,,118.0,1990,Y
1348,4,96,,981.0,1990,N
1349,1149,96,,1432.0,1990,N
1350,875,96,,1714.0,1990,N
1351,1471,168,,791.0,1966,N
1352,419,168,,1959.0,1966,N
1353,1390,168,,552.0,1966,Y
1354,187,168,,288.0,1966,N
1355,381,168,,727.0,1966,N
1356,1352,136,,1513.0,2019,Y
1357,295,136,,1590.0,2019,N
1358,437,136,,1718.0,2019,N
1359,1406,136,,1844.0,2019,N
1360,969,136,,1195.0,2019,N
1361,1314,4,,,2016,Y
1362,215,4,,,2016,N
1363,1385,4,,,2016,N
1364,219,4,,,2016,N
1365,1188,4,,,2016,N
1366,974,17,,214.0,1953,N
1367,965,17,,1450.0,1953,N
1368,1204,17,,45.0,1953,Y
1369,506,17,,1288.0,1953,N
1370,1267,17,,467.0,1953,N
1371,793,150,,852.0,1962,N
1372,137,150,,396.0,1962,N
1373,506,150,,592.0,1962,Y
1374,110,150,,802.0,1962,N
1375,966,150,,567.0,1962,N
1376,1358,149,3772.0,,1963,N
1377,1023,149,4711.0,,1963,N
1378,79,149,919.0,,1963,N
1379,427,149,514.0,,1963,N
1380,1435,149,4270.0,,1963,Y
1381,1223,24,,1255.0,1965,N
1382,793,24,,350.0,1965,N
1383,1105,24,,1418.0,1965,N
1384,1147,24,,1328.0,1965,Y
1385,41,24,,1092.0,1965,N
1386,56,179,,1389.0,1992,N
1387,1318,179,,642.0,1992,N
1388,1273,179,,1270.0,1992,Y
1389,1174,179,,331.0,1992,N
1390,991,179,,671.0,1992,N
1391,506,119,,692.0,1960,N
1392,1358,119,,1649.0,1960,N
1393,1267,119,,612.0,1960,N
1394,1474,119,,1292.0,1960,Y
1395,80,119,,1888.0,1960,N
1396,1205,183,,,2010,N
1397,723,183,,,2010,Y
1398,126,183,,,2010,N
1399,678,183,,,2010,N
1400,517,183,,,2010,N
1401,394,99,3351.0,,1996,N
1402,512,99,4693.0,,1996,N
1403,678,99,1710.0,,1996,N
1404,1036,99,1316.0,,1996,N
1405,920,99,3588.0,,1996,Y
1406,1299,148,,1038.0,2024,N
1407,507,148,,1608.0,2024,N
1408,1362,148,,68.0,2024,N
1409,305,148,,1024.0,2024,N
1410,1335,148,,877.0,2024,Y
1411,110,126,85.0,,1975,N
1412,964,126,2693.0,,1975,Y
1413,910,126,1731.0,,1975,N
1414,1429,126,4277.0,,1975,N
1415,1306,126,4869.0,,1975,N
1416,1041,68,,762.0,1978,N
1417,916,68,,1513.0,1978,N
1418,1247,68,,1180.0,1978,N
1419,1191,68,,630.0,1978,Y
1420,826,68,,1398.0,1978,N
1421,941,63,,,1970,N
1422,847,63,,,1970,N
1423,1306,63,,,1970,N
1424,963,63,,,1970,Y
1425,420,63,,,1970,N
1426,1341,180,,,1980,N
1427,229,180,,,1980,Y
1428,172,180,,,1980,N
1429,815,180,,,1980,N
1430,1333,180,,,1980,N
1431,1497,138,,505.0,1998,N
1432,465,138,,554.0,1998,N
1433,259,138,,1350.0,1998,N
1434,1298,138,,90.0,1998,Y
1435,828,138,,1456.0,1998,N
1436,811,172,,1083.0,1965,N
1437,965,172,,1092.0,1965,Y
1438,1204,172,,1401.0,1965,N
1439,1471,172,,1293.0,1965,N
1440,578,172,,1407.0,1965,N
1441,1474,190,,201.0,1967,Y
1442,206,190,,1825.0,1967,N
1443,1041,190,,1578.0,1967,N
1444,67,190,,346.0,1967,N
1445,991,190,,77.0,1967,N
1446,210,45,,1030.0,2020,N
1447,785,45,,1539.0,2020,N
1448,680,45,,746.0,2020,Y
1449,167,45,,1257.0,2020,N
1450,112,45,,287.0,2020,N
1451,187,47,,449.0,1980,N
1452,975,47,,340.0,1980,Y
1453,1438,47,,621.0,1980,N
1454,993,47,,1361.0,1980,N
1455,1244,47,,40.0,1980,N
1456,299,190,,1553.0,1962,N
1457,735,190,,114.0,1962,N
1458,520,190,,154.0,1962,Y
1459,1429,190,,45.0,1962,N
1460,1491,190,,1860.0,1962,N
1461,386,124,,1947.0,2003,N
1462,273,124,,1981.0,2003,Y
1463,298,124,,701.0,2003,N
1464,619,124,,233.0,2003,N
1465,363,124,,606.0,2003,N
1466,889,168,,1279.0,2003,N
1467,1275,168,,31.0,2003,N
1468,1429,168,,1328.0,2003,Y
1469,25,168,,759.0,2003,N
1470,1087,168,,1575.0,2003,N
1471,1020,61,,500.0,1987,N
1472,1071,61,,1957.0,1987,N
1473,520,61,,1969.0,1987,Y
1474,415,61,,1412.0,1987,N
1475,1474,61,,1098.0,1987,N
1476,506,75,,,1955,N
1477,847,75,,,1955,Y
1478,1204,75,,,1955,N
1479,1435,75,,,1955,N
1480,1267,75,,,1955,N
1481,249,167,,,2004,N
1482,438,167,,,2004,N
1483,325,167,,,2004,N
1484,1022,167,,,2004,N
1485,929,167,,,2004,Y
1486,970,181,,,1979,N
1487,1340,181,,,1979,N
1488,665,181,,,1979,Y
1489,1171,181,,,1979,N
1490,362,181,,,1979,N
1491,1274,91,,40.0,1990,N
1492,586,91,,1585.0,1990,N
1493,912,91,,1127.0,1990,Y
1494,212,91,,15.0,1990,N
1495,438,91,,1233.0,1990,N
1496,1199,12,,400.0,2020,N
1497,1292,12,,1121.0,2020,N
1498,100,12,,1402.0,2020,N
1499,1209,12,,1243.0,2020,N
1500,330,12,,1141.0,2020,Y
